acaryochloris_marina,prauserella_marina
acetoanaerobium_sticklandii,dethiosulfovibrio_peptidovorans
acetobacter_ghanensis,taylorella_asinigenitalis
acetobacterium_woodii,mediterranea_massiliensis
acetobacter_okinawensis,alkalispirochaeta_odontotermitis
acetobacter_papayae,lactobacillus_thailandensis
acetobacter_pasteurianus,methylomonas_denitrificans
acetobacter_persici,intrasporangium_chromatireducens
acetobacter_persici,paenibacillus_herberti
acetobacter_senegalensis,granulosicoccus_antarcticus
acetohalobium_arabaticum,paludibacter_propionicigenes
acetomicrobium_hydrogeniformans,rufibacter_ruber
acetomicrobium_mobile,granulicella_tundricola
acholeplasma_brassicae,sunxiuqinia_elliptica
acholeplasma_laidlawii,thiobacillus_denitrificans
acholeplasma_oculi,deefgea_rivuli
acholeplasma_oculi,thermodesulfobacterium_geofontis
acholeplasma_palmae,petrotoga_mobilis
acholeplasma_palmae,spirosoma_luteum
acidaminococcus_fermentans,christensenella_minuta
acidaminococcus_fermentans,faecalibaculum_rodentium
acidaminococcus_fermentans,kallipyga_massiliensis
acidaminococcus_fermentans,lachnospiraceae_bacterium
acidaminococcus_fermentans,lachnospiraceae_bacterium
acidaminococcus_fermentans,lachnospiraceae_bacterium
acidaminococcus_fermentans,lachnospiraceae_bacterium
acidaminococcus_fermentans,lachnospiraceae_bacterium
acidaminococcus_fermentans,lachnospiraceae_bacterium
acidaminococcus_fermentans,mobilibacterium_timonense
acidaminococcus_fermentans,ruminococcaceae_bacterium
acidaminococcus_timonensis,lachnospiraceae_bacterium
acidibacillus_ferrooxidans,fusobacterium_necrophorum
acidibacillus_ferrooxidans,spirochaeta_thermophila
acidihalobacter_prosperus,cryobacterium_arcticum
acidihalobacter_prosperus,geodermatophilus_africanus
acidimicrobium_ferrooxidans,cnuibacter_physcomitrellae
acidiphilium_multivorum,aurantimonas_manganoxydans
acidiphilium_multivorum,mycoplasma_canis
acidipropionibacterium_acidipropionici,aquincola_tertiaricarbonis
acidithiobacillus_caldus,cryobacterium_flavum
acidithrix_ferrooxidans,chitinimonas_koreensis
acidobacterium_ailaaui,sulfurihydrogenibium_azorense
acidobacterium_capsulatum,niabella_aurantiaca
acidothermus_cellulolyticus,agrococcus_jejuensis
acidovorax_avenae,haloglycomyces_albus
acidovorax_caeni,dethiosulfovibrio_peptidovorans
acidovorax_delafieldii,moraxella_boevrei
acidovorax_wautersii,chloroherpeton_thalassium
acidovorax_wautersii,photobacterium_leiognathi
acinetobacter_bohemicus,pontibacter_lucknowensis
acinetobacter_boissieri,microbacterium_testaceum
acinetobacter_kookii,candidatus_berkiella
acinetobacter_kookii,halobacteriovorax_marinus
acinetobacter_kookii,neptunomonas_antarctica
acinetobacter_larvae,elusimicrobium_minutum
acinetobacter_nectaris,psychroserpens_mesophilus
acinetobacter_nectaris,solemya_velesiana
acinetobacter_qingfengensis,imhoffiella_purpurea
acinetobacter_schindleri,candidatus_competibacter
actibacterium_mucosum,hyphomicrobium_denitrificans
actinoalloteichus_hoggarensis,shimia_haliotis
actinoalloteichus_hymeniacidonis,altererythrobacter_marensis
actinoalloteichus_hymeniacidonis,limnohabitans_planktonicus
actinobacillus_succinogenes,mannheimia_haemolytica
actinobacillus_succinogenes,vibrio_ostreicida
actinokineospora_bangkokensis,nocardioides_halotolerans
actinomadura_chibensis,delftia_acidovorans
actinomadura_flavalba,exiguobacterium_sibiricum
actinomyces_liubingyangii,listeria_rocourtiae
actinomyces_provencensis,kribbella_catacumbae
actinomyces_radicidentis,leptolyngbya_boryana
actinomyces_ruminicola,pseudomonas_pohangensis
actinomyces_vulturis,methyloceanibacter_methanicus
actinophytocola_xinjiangensis,mycobacterium_koreense
actinoplanes_friuliensis,catenulispora_acidiphila
actinoplanes_missouriensis,thermosediminibacter_oceani
actinopolymorpha_cephalotaxi,kribbella_catacumbae
actinopolymorpha_singaporensis,leucobacter_chromiiresistens
actinopolymorpha_singaporensis,paracoccus_sediminis
actinopolyspora_xinjiangensis,brevundimonas_subvibrioides
actinosynnema_mirum,lactobacillus_brantae
actinotalea_ferrariae,bifidobacterium_crudilactis
actinotignum_schaalii,oceanobacillus_damuensis
acuticoccus_yangtzensis,desulfuromonas_acetoxidans
acuticoccus_yangtzensis,gimesia_maris
adlercreutzia_equolifaciens,arabia_massiliensis
advenella_mimigardefordensis,desulfovibrio_fairfieldensis
aequorivita_sublithincola,occidentia_massiliensis
aeribacillus_pallidus,loktanella_soesokkakensis
aerococcus_christensenii,caloranaerobacter_ferrireducens
aerococcus_urinae,marinomonas_atlantica
aerococcus_urinaeequi,pseudomonas_syringae
aerococcus_urinaehominis,oceaniovalibus_guishaninsula
aeromicrobium_erythreum,kaistia_granuli
aeromicrobium_marinum,pseudarthrobacter_phenanthrenivorans
aeromicrobium_massiliense,gryllotalpicola_ginsengisoli
aeromicrobium_massiliense,lentzea_kentuckyensis
aeromonas_fluvialis,amantichitinum_ursilacus
aeromonas_fluvialis,corynebacterium_diphtheriae
aeromonas_fluvialis,nitratireductor_pacificus
aeromonas_salmonicida,streptococcus_macacae
aeromonas_schubertii,halotalea_alkalilenta
aestuariibacter_aggregatus,ruminococcaceae_bacterium
aestuariivita_atlantica,corynebacterium_phocae
afifella_marina,campylobacter_corcagiensis
agarivorans_gilvus,idiomarina_piscisalsi
agarivorans_gilvus,thiomicrospira_microaerophila
agrobacterium_vitis,bacillus_acidiceler
agrobacterium_vitis,bifidobacterium_pseudolongum
agrobacterium_vitis,chlorobaculum_parvum
agrobacterium_vitis,halanaerobium_praevalens
agrobacterium_vitis,magnetospirillum_magneticum
agrobacterium_vitis,tepidanaerobacter_acetatoxydans
agrococcus_carbonis,agrococcus_lahaulensis
agrococcus_carbonis,microbacterium_azadirachtae
agrococcus_casei,caldanaerovirga_acetigignens
agrococcus_jejuensis,anaerococcus_mediterraneensis
agrococcus_lahaulensis,fontimonas_thermophila
agromyces_aureus,phycicoccus_jejuensis
akkermansia_glycaniphila,bifidobacterium_saguini
akkermansia_glycaniphila,paenibacillus_larvae
albidovulum_xiamenense,methylocella_silvestris
albimonas_donghaensis,catalinimonas_alkaloidigena
alcanivorax_dieselolei,mobiluncus_mulieris
alcanivorax_hongdengensis,variovorax_paradoxus
alcanivorax_pacificus,pseudomonas_massiliensis
alcanivorax_pacificus,roseomonas_gilardii
algibacter_alginicilyticus,crenothrix_polyspora
algibacter_alginicilyticus,flavobacterium_johnsoniae
algibacter_alginicilyticus,lactobacillus_paracollinoides
algibacter_alginicilyticus,sediminibacterium_ginsengisoli
algibacter_aquaticus,amycolatopsis_marina
algibacter_pectinivorans,nonlabens_spongiae
algiphilus_aromaticivorans,pantoea_agglomerans
algoriella_xinjiangensis,erythrobacter_longus
algoriphagus_faecimaris,schlesneria_paludicola
algoriphagus_machipongonensis,erythrobacter_gangjinensis
algoriphagus_marinus,tenacibaculum_holothuriorum
algoriphagus_resistens,geobacter_uraniireducens
algoriphagus_terrigena,commensalibacter_intestini
algoriphagus_vanfongensis,lactobacillus_composti
algoriphagus_zhangzhouensis,streptomyces_alboflavus
aliagarivorans_marinus,xanthomonas_citri
alicyclobacillus_acidocaldarius,alicyclobacillus_macrosporangiidus
alicyclobacillus_acidocaldarius,bacillus_kribbensis
alicyclobacillus_acidocaldarius,demequina_flava
alicyclobacillus_acidocaldarius,paenibacillus_bovis
alicyclobacillus_acidocaldarius,paenibacillus_ihumii
alicyclobacillus_contaminans,fibrella_aestuarina
alicyclobacillus_ferrooxydans,truepera_radiovictrix
alicyclobacillus_kakegawensis,bacillus_selenitireducens
alicyclobacillus_kakegawensis,paenibacillus_donghaensis
alicyclobacillus_kakegawensis,ruminococcaceae_bacterium
aliifodinibius_roseus,cobetia_crustatorum
aliivibrio_salmonicida,mizugakiibacter_sediminis
aliivibrio_salmonicida,photobacterium_galatheae
aliivibrio_wodanis,providencia_heimbachae
alistipes_indistinctus,peptoniphilus_coxii
alistipes_indistinctus,prevotella_multisaccharivorax
alistipes_inops,candidatus_kinetoplastibacterium
alistipes_timonensis,neisseria_wadsworthii
alistipes_timonensis,prevotella_buccalis
aliterella_atlantica,brevibacterium_senegalense
alkalibacterium_gilvum,pseudanabaena_biceps
alkalibacterium_pelagium,rubeoparvulum_massiliense
alkalilimnicola_ehrlichii,bordetella_genomosp
alkaliphilus_oremlandii,bacillus_panaciterrae
alkaliphilus_peptidifermentans,salinihabitans_flavidus
alkalispirochaeta_odontotermitis,thermoactinospora_rubra
alkalitalea_saponilacus,bacillus_ligniniphilus
alkalitalea_saponilacus,lentibacillus_jeotgali
alkalitalea_saponilacus,tepidicaulis_marinus
allochromatium_vinosum,amycolatopsis_saalfeldensis
allofrancisella_guangzhouensis,smaragdicoccus_niigatensis
allokutzneria_albata,candidatus_desulfovibrio
allosalinactinospora_lopnorensis,candidatus_synechococcus
alloscardovia_criceti,nocardia_acidivorans
alloscardovia_macacae,terribacillus_halophilus
alloscardovia_omnicolens,demequina_aestuarii
altererythrobacter_atlanticus,candidatus_liberibacter
altererythrobacter_atlanticus,halomonas_gudaonensis
altererythrobacter_dongtanensis,caldicoprobacter_oshimai
altererythrobacter_dongtanensis,methylibium_petroleiphilum
altererythrobacter_dongtanensis,roseovarius_pacificus
altererythrobacter_epoxidivorans,nautilia_profundicola
altererythrobacter_ishigakiensis,burkholderia_gladioli
altererythrobacter_namhicola,aureimonas_altamirensis
alteribacillus_bidgolensis,chryseobacterium_soldanellicola
alteribacillus_bidgolensis,mycobacterium_arosiense
alteribacillus_bidgolensis,pseudomonas_psychrotolerans
alteribacillus_persepolensis,mycetocola_miduiensis
alteromonas_australica,rheinheimera_salexigens
altibacter_lentus,bosea_lupini
aminobacter_aminovorans,bacillus_glycinifermentans
aminobacterium_colombiense,devosia_enhydra
ammonifex_degensii,desulfatirhabdium_butyrativorans
ammonifex_degensii,desulfoluna_spongiiphila
ammonifex_degensii,gloeobacter_violaceus
ammonifex_degensii,murdochiella_massiliensis
ammonifex_degensii,paenibacillus_gorillae
ammonifex_degensii,pseudodesulfovibrio_indicus
amorphus_coralli,lactobacillus_mixtipabuli
amphibacillus_sediminis,paenibacillus_catalpae
amphibacillus_sediminis,thermobacillus_composti
amphiplicatus_metriothermophilus,salinimicrobium_terrae
amphritea_japonica,microbulbifer_thermotolerans
amycolatopsis_australiensis,cyanobium_gracile
amycolatopsis_australiensis,rubrobacter_xylanophilus
amycolatopsis_australiensis,sphingomonas_mucosissima
amycolatopsis_benzoatilytica,deinococcus_radiodurans
amycolatopsis_halophila,candidatus_planktophila
amycolatopsis_halophila,microbacterium_pygmaeum
amycolatopsis_halophila,pseudoxanthomonas_suwonensis
amycolatopsis_halophila,salinicoccus_luteus
amycolatopsis_halophila,sanguibacter_gelidistatuariae
amycolatopsis_jejuensis,deinococcus_misasensis
amycolatopsis_marina,candidatus_pelagibacter
amycolatopsis_mediterranei,lactobacillus_similis
amycolatopsis_nigrescens,pelagirhabdus_alkalitolerans
amycolatopsis_nigrescens,tessaracoccus_massiliensis
amycolatopsis_saalfeldensis,gloeobacter_kilaueensis
amycolatopsis_saalfeldensis,thermus_arciformis
amycolatopsis_taiwanensis,terracidiphilus_gabretensis
anaerococcus_prevotii,desulfovibrio_fairfieldensis
anaerococcus_provencensis,dialister_micraerophilus
anaerolinea_thermophila,kyrpidia_tusciae
anaeromassilibacillus_senegalensis,beduini_massiliensis
anaeromassilibacillus_senegalensis,clostridiisalibacter_paucivorans
anaeromassilibacillus_senegalensis,clostridium_tepidiprofundi
anaeromassilibacillus_senegalensis,geosporobacter_ferrireducens
anaeromassilibacillus_senegalensis,lachnospiraceae_bacterium
anaeromyxobacter_dehalogenans,roseomonas_cervicalis
anaerosalibacter_massiliensis,anaerosporomusa_subterranea
anaerosalibacter_massiliensis,pelobacter_carbinolicus
anaerosphaera_aminiphila,fervidicella_metallireducens
anaerosphaera_aminiphila,lutibacter_oricola
anaerosphaera_aminiphila,methyloglobulus_morosus
anaerovirgula_multivorans,bordetella_genomosp
anaplasma_marginale,idiomarina_loihiensis
anditalea_andensis,pedobacter_cryoconitis
andreprevotia_chitinilytica,bordetella_genomosp
andreprevotia_chitinilytica,fusobacterium_ulcerans
andreprevotia_chitinilytica,lysobacter_spongiicola
andreprevotia_lacus,halobacillus_hunanensis
aneurinibacillus_tyrosinisolvens,candidatus_promineofilum
aneurinibacillus_tyrosinisolvens,leptolyngbya_ohadii
aneurinibacillus_tyrosinisolvens,sediminispirochaeta_smaragdinae
anoxybacillus_amylolyticus,vibrio_tasmaniensis
anoxybacillus_gonensis,fluviicola_taffensis
antarctobacter_heliothermus,pseudomonas_saudiphocaensis
apibacter_mensalis,ekhidna_lutea
aquamicrobium_aerolatum,pelagibacterium_luteolum
aquaspirillum_serpens,mobiluncus_curtisii
aquiflexum_balticum,candidatus_phytoplasma
aquiflexum_balticum,muricauda_zhangzhouensis
aquimarina_amphilecti,campylobacter_sputorum
aquimarina_amphilecti,morganella_morganii
aquimarina_latercula,maricaulis_maris
aquimarina_longa,gilvimarinus_chinensis
aquimarina_macrocephali,gordonia_kroppenstedtii
aquimarina_pacifica,nitrosomonas_ureae
aquimarina_spongiae,belliella_pelovolcani
aquimarina_spongiae,halomicronema_hongdechloris
aquimixticola_soesokkakensis,deinococcus_swuensis
arachidicoccus_rhizosphaerae,marinobacter_mobilis
arachidicoccus_rhizosphaerae,roseiflexus_castenholzii
arcanobacterium_phocae,marinobacter_psychrophilus
archangium_gephyra,dehalogenimonas_lykanthroporepellens
arcobacter_anaerophilus,defluviitoga_tunisiensis
arcobacter_anaerophilus,tropicibacter_naphthalenivorans
arcobacter_butzleri,dietzia_timorensis
arcobacter_lekithochrous,enterobacter_cloacae
arcobacter_thereius,nocardioides_exalbidus
arcticibacter_svalbardensis,leptospira_biflexa
ardenticatena_maritima,thermogemmatispora_carboxidivorans
arenibacter_algicola,calderihabitans_maritimus
arenimonas_donghaensis,candidatus_babela
arenimonas_malthae,thiomonas_intermedia
arenimonas_metalli,streptococcus_uberis
arenimonas_oryziterrae,maribius_pelagius
arenitalea_lutea,thermus_oshimai
aromatoleum_aromaticum,chondromyces_apiculatus
arsenicibacter_rosenii,mucilaginibacter_polytrichastri
arsenophonus_endosymbiont,bacterium_symbiont
arsenophonus_endosymbiont,candidatus_carsonella
arsenophonus_symbiont,enterobacter_cloacae
arthrobacter_alpinus,lactobacillus_wasatchensis
arthrobacter_cupressi,thermobaculum_terrenum
arthrobacter_enclensis,deinococcus_geothermalis
arthrobacter_nitrophenolicus,corynebacterium_nuruki
arthrobacter_nitrophenolicus,knoellia_aerolata
arthrobacter_nitrophenolicus,thalassospira_profundimaris
asaia_astilbis,roseovarius_lutimaris
aster_yellows,enterobacter_cloacae
atopobium_deltae,thermoanaerobacterium_thermosaccharolyticum
auraticoccus_monumenti,aureimonas_ureilytica
auraticoccus_monumenti,chryseobacterium_haifense
auraticoccus_monumenti,streptomyces_puniciscabiei
aureimonas_frigidaquae,desulfobacter_postgatei
aureimonas_jatrophae,brevefilum_fermentans
aureimonas_phyllosphaerae,demequina_salsinemoris
aureimonas_phyllosphaerae,domibacillus_tundrae
azohydromonas_australica,thermovenabulum_gondwanense
azonexus_hydrophilus,gemmatimonas_aurantiaca
azorhizobium_caulinodans,planomicrobium_flavidum
azospirillum_humicireducens,filimonas_lacunae
azospirillum_lipoferum,syntrophobotulus_glycolicus
azospirillum_lipoferum,vibrio_genomosp
azospirillum_thiophilum,loktanella_koreensis
azotobacter_chroococcum,rhizobium_arenae
azotobacter_chroococcum,uncultured_human
azotobacter_vinelandii,intrasporangium_oryzae
bacillus_acidiproducens,bittarella_massiliensis
bacillus_acidiproducens,butyrivibrio_proteoclasticus
bacillus_acidiproducens,christensenella_massiliensis
bacillus_acidiproducens,clostridium_cellulolyticum
bacillus_acidiproducens,lachnospiraceae_bacterium
bacillus_acidiproducens,lachnospiraceae_bacterium
bacillus_acidiproducens,lachnospiraceae_bacterium
bacillus_acidiproducens,lachnospiraceae_bacterium
bacillus_acidiproducens,neofamilia_massiliensis
bacillus_acidiproducens,olsenella_scatoligenes
bacillus_acidiproducens,paenibacillus_antibioticophila
bacillus_acidiproducens,phocea_massiliensis
bacillus_acidiproducens,ruminococcaceae_bacterium
bacillus_acidiproducens,sellimonas_intestinalis
bacillus_aidingensis,caenibacillus_caldisaponilyticus
bacillus_aidingensis,edaphobacter_aggregans
bacillus_aidingensis,syntrophaceticus_schinkii
bacillus_andreraoultii,gracilibacillus_ureilyticus
bacillus_atrophaeus,planktomarina_temperata
bacillus_beveridgei,desulfovibrio_frigidus
bacillus_campisalis,streptococcus_ratti
bacillus_caseinilyticus,didymococcus_colitermitum
bacillus_caseinilyticus,thalassobius_maritimus
bacillus_cecembensis,treponema_bryantii
bacillus_cellulosilyticus,gracilibacillus_ureilyticus
bacillus_cihuensis,streptobacillus_felis
bacillus_circulans,bordetella_trematum
bacillus_coagulans,heliobacterium_modesticaldum
bacillus_cohnii,bifidobacterium_choerinum
bacillus_cohnii,flavobacterium_terrigena
bacillus_dakarensis,desulfosporosinus_acidiphilus
bacillus_daliensis,salinispira_pacifica
bacillus_dielmoensis,brachymonas_chironomi
bacillus_dielmoensis,pustulibacterium_marinum
bacillus_dielmoensis,salinimicrobium_catena
bacillus_enclensis,indibacter_alkaliphilus
bacillus_ginsengihumi,bacillus_mycoides
bacillus_ginsengihumi,cellulophaga_tyrosinoxydans
bacillus_gobiensis,bacillus_shacheensis
bacillus_halosaccharovorans,unicellular_cyanobacterium
bacillus_horikoshii,pedobacter_insulae
bacillus_korlensis,candidatus_planktophila
bacillus_krulwichiae,riemerella_anatipestifer
bacillus_lonarensis,siphonobacter_aquaeclarae
bacillus_massiliogorillae,marinifilum_fragile
bacillus_massiliosenegalensis,vulcanibacillus_modesticaldus
bacillus_mycoides,piscibacillus_halophilus
bacillus_niameyensis,bartonella_tamiae
bacillus_oryziterrae,geobacter_uraniireducens
bacillus_persicus,thermovirga_lienii
bacillus_pseudofirmus,maribacter_forsetii
bacillus_rubiinfantis,erwinia_iniecta
bacillus_salsus,numidum_massiliense
bacillus_salsus,syntrophomonas_wolfei
bacillus_simplex,lactobacillus_pasteurii
bacillus_smithii,mannheimia_succiniciproducens
bacillus_solimangrovi,dethiosulfatarculus_sandiegensis
bacillus_testis,caecibacter_massiliensis
bacillus_timonensis,candidatus_kuenenia
bacillus_tuaregi,planococcus_antarcticus
bacillus_weihaiensis,ectothiorhodospira_marina
bacillus_weihaiensis,sphingobium_ummariense
bacillus_xerothermodurans,desnuesiella_massiliensis
bacterium_endosymbiont,candidatus_blochmannia
bacterium_endosymbiont,thermoflexus_hugenholtzii
bacterium_symbiont,shewanella_pealeana
bacteroides_coprosuis,barnesiella_viscericola
bacteroides_coprosuis,psychromonas_ossibalaenae
bacteroides_coprosuis,sutterella_parvirubra
bacteroides_graminisolvens,lachnospiraceae_bacterium
bacteroides_graminisolvens,libanicoccus_massiliensis
bacteroides_graminisolvens,neglecta_timonensis
bacteroides_ihuae,isoptericola_variabilis
bacteroides_neonati,ruminiclostridium_thermocellum
bacteroides_propionicifaciens,tangfeifania_diversioriginum
bacteroides_pyogenes,prevotella_bivia
bartonella_florencae,cruoricaptor_ignavus
bartonella_quintana,rhodococcus_erythropolis
bartonella_tamiae,calditerrivibrio_nitroreducens
bauldia_litoralis,flavobacterium_caeni
bauldia_litoralis,mycobacterium_celeriflavum
bavariicoccus_seileri,secondary_endosymbiont
bdellovibrio_exovorus,flaviramulus_ichthyoenteri
beijerinckia_indica,geodermatophilus_nigrescens
belliella_baltica,lactobacillus_similis
bellilinea_caldifistulae,oligotropha_carboxidovorans
belnapia_moabensis,rhodothermus_profundi
belnapia_moabensis,thermus_brockianus
belnapia_rosea,granulicella_rosea
bergeyella_zoohelcum,enterobacter_cloacae
bernardetia_litoralis,derxia_lacustris
beutenbergia_cavernae,xylanimonas_cellulosilytica
bhargavaea_cecembensis,dialister_pneumosintes
bibersteinia_trehalosi,rodentibacter_pneumotropicus
bifidobacterium_actinocoloniiforme,paenibacillus_stellifer
bifidobacterium_aesculapii,bifidobacterium_bohemicum
bifidobacterium_biavatii,bifidobacterium_scardovii
bifidobacterium_biavatii,collinsella_phocaeensis
bifidobacterium_bohemicum,bifidobacterium_thermophilum
bifidobacterium_bohemicum,endozoicomonas_numazuensis
bifidobacterium_bombi,clostridium_saccharobutylicum
bifidobacterium_callitrichos,candidatus_soleaferrea
bifidobacterium_commune,caulobacter_vibrioides
bifidobacterium_crudilactis,paracoccus_contaminans
bifidobacterium_gallicum,methylocapsa_palsarum
bifidobacterium_lemurum,saccharibacillus_sacchari
bifidobacterium_mongoliense,paraglaciecola_psychrophila
bifidobacterium_stellenboschense,paenibacillus_mucilaginosus
blastococcus_endophyticus,streptomyces_paucisporeus
blastococcus_saxobsidens,micromonospora_yangpuensis
blastopirellula_marina,chitinilyticum_aquatile
blattabacterium_cuenoti,spongiibacterium_flavum
blattella_germanica,lysinibacillus_fusiformis
blochmannia_endosymbiont,photorhabdus_temperata
blochmannia_endosymbiont,pontibacter_akesuensis
bordetella_avium,tenacibaculum_holothuriorum
bordetella_bronchiseptica,shimwellia_blattae
bordetella_bronchiseptica,sphingomonas_changbaiensis
bordetella_genomosp,microbulbifer_mangrovi
bordetella_genomosp,mycobacterium_smegmatis
bordetella_genomosp,candidatus_brocadia
bordetella_genomosp,lacunisphaera_limnophila
bordetella_genomosp,nonlabens_dokdonensis
bordetella_genomosp,roseovarius_nubinhibens
bordetella_genomosp,sunxiuqinia_dokdonensis
bordetella_genomosp,sporosarcina_koreensis
bordetella_genomosp,sphingomonas_melonis
bordetella_genomosp,corynebacterium_imitans
bordetella_genomosp,erysipelothrix_larvae
bordetella_hinzii,corallococcus_coralloides
bordetella_pertussis,chlorobium_phaeobacteroides
bordetella_petrii,erythrobacter_litoralis
bordetella_petrii,flavobacterium_fluvii
bordetella_trematum,myxococcus_xanthus
brachybacterium_phenoliresistens,enterococcus_casseliflavus
brachyspira_hyodysenteriae,desulfotomaculum_hydrothermale
brachyspira_murdochii,halobacillus_halophilus
brachyspira_murdochii,lysinibacillus_sphaericus
brachyspira_murdochii,mycoplasma_bovoculi
brachyspira_murdochii,sciscionella_marina
bradyrhizobium_diazoefficiens,corynebacterium_mustelae
bradyrhizobium_diazoefficiens,nocardioides_dokdonensis
bradyrhizobium_japonicum,tepidimonas_taiwanensis
brevibacillus_laterosporus,methyloceanibacter_stevinii
brevibacillus_massiliensis,geobacter_daltonii
brevibacillus_panacihumi,dehalobacterium_formicoaceticum
brevibacillus_panacihumi,lachnospiraceae_bacterium
brevibacillus_panacihumi,selenomonas_bovis
brevibacillus_panacihumi,thermaerobacter_marianensis
brevibacterium_sandarakinum,nodularia_spumigena
brevundimonas_abyssalis,mycobacterium_leprae
brevundimonas_abyssalis,nocardioides_szechwanensis
brevundimonas_naejangsanensis,candidatus_rhodoluna
brevundimonas_viscosa,helicobacter_cinaedi
brevundimonas_viscosa,methylacidiphilum_infernorum
brevundimonas_viscosa,microterricola_viridarii
brochothrix_thermosphacta,pseudomonas_hussainii
brochothrix_thermosphacta,pseudooceanicola_flagellatus
brucella_melitensis,flavobacterium_haoranii
burkholderia_gladioli,thiobacillus_thioparus
burkholderia_gladioli,zunongwangia_profunda
burkholderia_ubonensis,maritalea_myrionectae
butyricimonas_synergistica,coprobacter_secundus
caballeronia_glebae,pararhizobium_polonicum
caballeronia_zhejiangensis,enterobacter_cloacae
caedibacter_varicaedens,hoeflea_phototrophica
caenispirillum_salinarum,oceanobacillus_oncorhynchi
caenispirillum_salinarum,pontibacter_chinhatensis
caldanaerobacter_subterraneus,cyanobacterium_aponinum
caldanaerobius_fijiensis,tepidimicrobium_xylanilyticum
calderihabitans_maritimus,williamwhitmania_taraxaci
caldicellulosiruptor_bescii,corynebacterium_simulans
caldicellulosiruptor_saccharolyticus,oceanobacillus_timonensis
caldisalinibacter_kiritimatiensis,clostridium_amylolyticum
caldisalinibacter_kiritimatiensis,clostridium_dakarense
caldisalinibacter_kiritimatiensis,clostridium_estertheticum
caldisalinibacter_kiritimatiensis,clostridium_lundense
caldisalinibacter_kiritimatiensis,prevotella_dentasini
caldisalinibacter_kiritimatiensis,romboutsia_timonensis
caldisericum_exile,candidatus_paraburkholderia
calditerricola_satsumensis,ornithinibacillus_halophilus
caldithrix_abyssi,marinibacterium_profundimaris
caloramator_australicus,prolixibacter_bellariivorans
caloramator_mitchellensis,macrococcus_canis
caloramator_quimbayensis,clostridium_argentinense
caloramator_quimbayensis,clostridium_senegalense
caloramator_quimbayensis,lacimicrobium_alkaliphilum
caloranaerobacter_ferrireducens,fusobacterium_perfoetens
caloranaerobacter_ferrireducens,lactococcus_garvieae
caminibacter_mediatlanticus,pajaroellobacter_abortibovis
campylobacter_cuniculorum,listeria_aquatica
campylobacter_fetus,fusobacterium_russii
campylobacter_hepaticus,polaribacter_dokdonensis
campylobacter_hepaticus,streptomyces_cattleya
campylobacter_hominis,pontibacter_ummariensis
campylobacter_hyointestinalis,vibrio_panuliri
campylobacter_iguaniorum,rhodopirellula_baltica
campylobacter_pinnipediorum,candidatus_midichloria
campylobacter_ureolyticus,enterobacter_cloacae
campylobacter_ureolyticus,halobacillus_mangrovi
candidatus_accumulibacter,methylovulum_psychrotolerans
candidatus_arthromitus,geobacillus_thermodenitrificans
candidatus_arthromitus,desulfosporosinus_acididurans
candidatus_arthromitus,mahella_australiensis
candidatus_arthromitus,turicibacter_sanguinis
candidatus_azobacteroides,chitiniphilus_shinanonensis
candidatus_azobacteroides,clostridium_merdae
candidatus_azobacteroides,cohnella_laeviribosi
candidatus_azobacteroides,collinsella_bouchesdurhonensis
candidatus_azobacteroides,collinsella_ihuae
candidatus_azobacteroides,gordonibacter_massiliensis
candidatus_azobacteroides,ndongobacter_massiliensis
candidatus_azobacteroides,slackia_piriformis
candidatus_baumannia,erwinia_amylovora
candidatus_blastococcus,sphingopyxis_fribergensis
candidatus_blochmannia,lachnospiraceae_bacterium
candidatus_blochmannia,lachnospiraceae_bacterium
candidatus_blochmannia,ruminococcaceae_bacterium
candidatus_blochmannia,ruminococcus_flavefaciens
candidatus_blochmannia,croceicoccus_marinus
candidatus_blochmannia,deinococcus_ficus
candidatus_blochmannia,rhodothermus_marinus
candidatus_brocadia,gracilimonas_tropica
candidatus_brocadia,leadbetterella_byssophila
candidatus_burkholderia,xanthomonas_citri
candidatus_burkholderia,nigerium_massiliense
candidatus_chloroploca,sphingopyxis_flava
candidatus_chrysopegis,rhodanobacter_spathiphylli
candidatus_dactylopiibacterium,chryseobacterium_piperi
candidatus_desulforudis,euryhalocaulis_caribicus
candidatus_desulfovibrio,lactobacillus_siliginis
candidatus_doolittlea,candidatus_tachikawaea
candidatus_doolittlea,diplorickettsia_massiliensis
candidatus_erwinia,enterobacter_cloacae
candidatus_fukatsuia,shewanella_baltica
candidatus_fukatsuia,streptomyces_pathocidini
candidatus_gullanella,candidatus_moranella
candidatus_gullanella,enterobacter_cloacae
candidatus_hoaglandella,colwellia_chukchiensis
candidatus_hoaglandella,oleibacter_marinus
candidatus_hoaglandella,secondary_endosymbiont
candidatus_hoaglandella,xenorhabdus_doucetiae
candidatus_ishikawaella,halomonas_huangheensis
candidatus_izimaplasma,pelagibaca_abyssi
candidatus_koribacter,enterobacter_cloacae
candidatus_kryptobacter,flavobacterium_enshiense
candidatus_magnetobacterium,rhizobium_gallicum
candidatus_marispirochaeta,demequina_aurantiaca
candidatus_methanomethylophilus,mycobacterium_franklinii
candidatus_mikella,enterobacter_cloacae
candidatus_mikella,hippea_jasoniae
candidatus_neoehrlichia,terracidiphilus_gabretensis
candidatus_nitrosoglobus,staphylococcus_lutrae
candidatus_nitrospira,helicobacter_canadensis
candidatus_nitrospira,pantoea_ananatis
candidatus_nitrospira,chroococcidiopsis_thermalis
candidatus_nitrospira,halotalea_alkalilenta
candidatus_pantoea,thaumasiovibrio_occultus
candidatus_pelagibacter,exiguobacterium_sibiricum
candidatus_pelagibacter,corynebacterium_sputi
candidatus_pelagibacter,pediococcus_claussenii
candidatus_pelagibacter,maritimibacter_alkaliphilus
candidatus_pelagibacter,pseudomonas_oryzae
candidatus_pelagibacter,herminiimonas_arsenicoxydans
candidatus_phaeomarinobacter,pelobacter_acetylenicus
candidatus_photodesmus,helicobacter_fennelliae
candidatus_phytoplasma,comamonas_aquatica
candidatus_planktophila,streptomyces_nodosus
candidatus_planktophila,rhodoluna_lacicola
candidatus_planktophila,enterobacter_cloacae
candidatus_planktophila,mycoplasma_hyorhinis
candidatus_portiera,corynebacterium_pyruviciproducens
candidatus_profftella,mycoplasma_crocodyli
candidatus_puniceispirillum,fulvivirga_imtechensis
candidatus_rhodobacter,haliscomenobacter_hydrossis
candidatus_riesia,desulfarculus_baarsii
candidatus_scalindua,komagataeibacter_medellinensis
candidatus_scalindua,streptomyces_wuyuanensis
candidatus_sodalis,enterobacter_cloacae
candidatus_solibacter,hymenobacter_daecheongensis
candidatus_solibacter,mycobacterium_rutilum
candidatus_solibacter,skermanella_aerolata
candidatus_stoquefichus,lachnospiraceae_bacterium
candidatus_stoquefichus,lachnospiraceae_bacterium
candidatus_stoquefichus,lachnospiraceae_bacterium
candidatus_stoquefichus,lachnospiraceae_bacterium
candidatus_stoquefichus,lachnospiraceae_bacterium
candidatus_stoquefichus,lachnospiraceae_bacterium
candidatus_stoquefichus,oscillibacter_ruminantium
candidatus_stoquefichus,oscillibacter_valericigenes
candidatus_stoquefichus,prevotellamassilia_timonensis
candidatus_stoquefichus,sharpea_azabuensis
candidatus_symbiobacter,pseudodonghicola_xiamenensis
candidatus_symbiothrix,domibacillus_antri
candidatus_symbiothrix,spirosoma_radiotolerans
candidatus_symbiothrix,treponema_denticola
candidatus_thiodiazotropha,desulfovibrio_piger
candidatus_thiosymbion,virgibacillus_alimentarius
candidatus_tremblaya,streptomyces_indicus
candidatus_tremblaya,mucilaginibacter_paludis
candidimonas_bauzanensis,marinobacter_subterrani
candidimonas_nitroreducens,pseudooceanicola_marinus
capnocytophaga_canimorsus,maribacter_forsetii
capnocytophaga_cynodegmi,siansivirga_zeaxanthinifaciens
capnocytophaga_haemolytica,chitinilyticum_aquatile
capnocytophaga_ochracea,lysobacter_daejeonensis
carboxydothermus_hydrogenoformans,roseovarius_azorensis
carboxydothermus_pertinax,corynebacterium_halotolerans
carnobacterium_iners,thermodesulfobium_narugense
carnobacterium_maltaromaticum,ralstonia_pickettii
castellaniella_defragrans,paraburkholderia_megapolitana
castellaniella_defragrans,spirosoma_montaniterrae
catalinimonas_alkaloidigena,salibacterium_halotolerans
catenovulum_agarivorans,streptococcus_merionis
catenovulum_maritimum,secondary_endosymbiont
caulobacter_henricii,ornithinimicrobium_pekingense
caulobacter_segnis,dictyoglomus_turgidum
caulobacter_segnis,kiloniella_spongiae
caulobacter_segnis,wenxinia_marina
caulobacter_segnis,xanthomonas_maliensis
caviibacter_abscessus,lactobacillus_brevis
cecembia_lonarensis,lactobacillus_parafarraginis
cecembia_lonarensis,mesorhizobium_alhagi
celeribacter_baekdonensis,sedimentitalea_nanhaiensis
celeribacter_ethanolicus,pontibacter_ummariensis
celeribacter_halophilus,spiroplasma_cantharicola
celeribacter_indicus,treponema_caldarium
celeribacter_marinus,roseovarius_lutimaris
celeribacter_neptunius,hymenobacter_glacialis
cellulomonas_carbonis,cupriavidus_necator
cellulomonas_marina,henriciella_aquimarina
cellulomonas_massiliensis,soli_cunha
cellulosimicrobium_cellulans,flexistipes_sinusarabici
cellvibrio_japonicus,tropicibacter_multivorans
cephaloticoccus_capnophilus,leptospira_biflexa
cephaloticoccus_primus,weissella_bombi
cesiribacter_andamanensis,flavobacterium_akiainvivens
chishuiella_changwenlii,gracilibacillus_lacisalsi
chitinilyticum_aquatile,geobacter_bemidjiensis
chitinilyticum_aquatile,rhodobaca_barguzinensis
chitinilyticum_aquatile,sphaerochaeta_globosa
chitinilyticum_litopenaei,nitrobacter_hamburgensis
chitinimonas_koreensis,pontibacter_indicus
chitinimonas_koreensis,sanguibacteroides_justesenii
chitinivibrio_alkaliphilus,crocosphaera_watsonii
chitinivibrio_alkaliphilus,xylella_taiwanensis
chitinophaga_costaii,pediococcus_cellicola
chitinophaga_costaii,roseivirga_spongicola
chitinophaga_eiseniae,sphaerochaeta_pleomorpha
chitinophaga_jiangningensis,mariprofundus_micogutta
chitinophaga_niabensis,pontibacter_akesuensis
chitinophaga_pinensis,chitinophaga_rupis
chitinophaga_rupis,rathayibacter_toxicus
chitinophaga_rupis,yangia_pacifica
chitinophaga_sancti,chryseobacterium_indologenes
chitinophaga_terrae,sphingobacterium_psychroaquaticum
chitinophaga_terrae,thermophagus_xiamenensis
chloracidobacterium_thermophilum,kangiella_koreensis
chlorobaculum_limnaeum,sideroxydans_lithotrophicus
chlorobium_chlorochromatii,pseudothermotoga_hypogea
chlorobium_chlorochromatii,staphylococcus_succinus
chlorobium_chlorochromatii,sulfitobacter_noctilucicola
chlorobium_ferrooxidans,oceanicella_actignis
chlorobium_limicola,rhodopirellula_maiorica
chlorobium_phaeovibrioides,siansivirga_zeaxanthinifaciens
chloroflexus_aggregans,listeria_booriae
chlorogloeopsis_fritschii,polaribacter_atrinae
chondromyces_apiculatus,jannaschia_pohangensis
chondromyces_apiculatus,lactobacillus_saniviri
chondromyces_crocatus,desulfoplanes_formicivorans
chondromyces_crocatus,halomonas_shengliensis
chondromyces_crocatus,roseobacter_denitrificans
christensenella_timonensis,clostridium_kluyveri
christensenella_timonensis,microvirga_vignae
christensenella_timonensis,paenibacillus_fonticola
christensenella_timonensis,ruminococcaceae_bacterium
chromobacterium_haemolyticum,leptolyngbya_valderiana
chromohalobacter_salexigens,solimonas_flava
chroococcidiopsis_thermalis,mycobacterium_longobardum
chryseobacterium_angstadtii,nocardioides_lianchengensis
chryseobacterium_bovis,haliscomenobacter_hydrossis
chryseobacterium_bovis,rhodoferax_saidenbachensis
chryseobacterium_caeni,nocardioides_lianchengensis
chryseobacterium_daeguense,treponema_pedis
chryseobacterium_gregarium,oceanobacillus_senegalensis
chryseobacterium_halperniae,flavobacterium_fontis
chryseobacterium_halperniae,salinivibrio_proteolyticus
chryseobacterium_hispalense,elizabethkingia_anophelis
chryseobacterium_hominis,paracoccus_chinensis
chryseobacterium_palustre,perlucidibaca_piscinae
chryseobacterium_piscicola,flavobacterium_rivuli
chryseobacterium_polytrichastri,chryseobacterium_taihuense
chryseobacterium_solincola,poseidonocella_pacifica
chryseobacterium_taihuense,dermacoccus_nishinomiyaensis
chryseobacterium_wanjuense,sphingomonas_koreensis
chryseolinea_serpens,hymenobacter_psychrotolerans
chrysiogenes_arsenatis,marivita_cryptomonadis
chthoniobacter_flavus,ornatilinea_apprima
chthonomonas_calidirosea,haliscomenobacter_hydrossis
clavibacter_michiganensis,demequina_sediminicola
cloacibacillus_evryensis,myxococcus_stipitatus
clostridium_bornimense,gottschalkia_acidurici
clostridium_cavendishii,clostridium_chauvoei
clostridium_cavendishii,streptobacillus_moniliformis
clostridium_cellulosi,corynebacterium_bouchesdurhonense
clostridium_cellulosi,sorangium_cellulosum
clostridium_cellulovorans,treponema_saccharophilum
clostridium_clariflavum,flavobacterium_seoulense
clostridium_ihumii,natranaerobius_thermophilus
clostridium_novyi,clostridium_saccharobutylicum
clostridium_stercorarium,dehalogenimonas_alkenigignens
clostridium_stercorarium,desulfosporosinus_youngiae
clostridium_stercorarium,hymenobacter_coccineus
clostridium_stercorarium,negativicoccus_massiliensis
clostridium_tyrobutyricum,paenibacillus_beijingensis
cnuella_takakiae,noviherbaspirillum_denitrificans
cnuella_takakiae,prevotella_buccae
cobetia_crustatorum,saccharomonospora_viridis
cohaesibacter_marisflavi,methylomonas_methanica
cohnella_kolymensis,salinispira_pacifica
cohnella_panacarvi,flavobacterium_terrae
cohnella_thermotolerans,pseudomonas_sagittaria
collimonas_pratensis,thermanaerovibrio_acidaminovorans
collinsella_tanakaei,desulfitobacterium_hafniense
collinsella_tanakaei,enterorhabdus_caecimuris
collinsella_tanakaei,gordonibacter_pamelaeae
collinsella_tanakaei,selenomonas_ruminantium
collinsella_tanakaei,senegalimassilia_anaerobia
colwellia_aestuarii,vibrio_alginolyticus
colwellia_mytili,pseudomonas_protegens
comamonas_composti,sphingomonas_rubra
comamonas_serinivorans,jannaschia_seosinensis
comamonas_serinivorans,rubellimicrobium_mesophilum
comamonas_terrae,paenibacillus_swuensis
conexibacter_woesei,janibacter_corallicola
conexibacter_woesei,nesterenkonia_massiliensis
coprobacter_fastidiosus,lachnospiraceae_bacterium
coprobacter_fastidiosus,paraprevotella_xylaniphila
corallococcus_coralloides,pseudomonas_monteilii
coriobacterium_glomerans,paenibacillus_oryzae
corynebacterium_ammoniagenes,pseudomonas_alcaligenes
corynebacterium_aquilae,siphonobacter_aquaeclarae
corynebacterium_argentoratense,ramlibacter_tataouinensis
corynebacterium_atypicum,kribbella_flavida
corynebacterium_camporealensis,mycobacterium_aromaticivorans
corynebacterium_camporealensis,nitrolancea_hollandica
corynebacterium_cystitidis,cryobacterium_psychrotolerans
corynebacterium_deserti,dissulfuribacter_thermophilus
corynebacterium_doosanense,corynebacterium_variabile
corynebacterium_doosanense,friedmanniella_flava
corynebacterium_efficiens,lactobacillus_amylolyticus
corynebacterium_falsenii,streptomyces_thermoautotrophicus
corynebacterium_flavescens,salinicoccus_halodurans
corynebacterium_frankenforstense,cupriavidus_gilardii
corynebacterium_halotolerans,corynebacterium_lubricantis
corynebacterium_imitans,saccharopolyspora_jiangxiensis
corynebacterium_imitans,streptacidiphilus_oryzae
corynebacterium_jeikeium,janibacter_hoylei
corynebacterium_kutscheri,kaistia_granuli
corynebacterium_lactis,pseudonocardia_oroxyli
corynebacterium_marinum,leptotrichia_goodfellowii
corynebacterium_maris,xanthobacter_autotrophicus
corynebacterium_massiliense,sphingobium_chlorophenolicum
corynebacterium_mycetoides,hoyosella_subflava
corynebacterium_oculi,marinactinospora_thermotolerans
corynebacterium_phocae,verminephrobacter_aporrectodeae
corynebacterium_pseudotuberculosis,granulicella_rosea
corynebacterium_riegelii,lysobacter_defluvii
corynebacterium_riegelii,rhizobium_leguminosarum
corynebacterium_singulare,nocardioides_exalbidus
corynebacterium_sphenisci,kitasatospora_setae
corynebacterium_stationis,lactobacillus_paracasei
corynebacterium_terpenotabidum,metallibacterium_scheffleri
corynebacterium_testudinoris,lactobacillus_jensenii
corynebacterium_ulceribovis,nonlabens_spongiae
corynebacterium_urealyticum,kocuria_salsicia
corynebacterium_variabile,thermobifida_fusca
crenobacter_luteus,nesterenkonia_jeotgali
crenotalea_thermophila,tateyamaria_omphalii
cribrihabitans_marinus,ruegeria_halocynthiae
croceibacter_atlanticus,thermanaerovibrio_velox
croceicoccus_mobilis,thermus_islandicus
croceicoccus_naphthovorans,phenylobacterium_zucineum
croceicoccus_pelagius,lactobacillus_equigenerosi
cryobacterium_roopkundense,kutzneria_albida
cryptobacterium_curtum,polaribacter_haliotis
cucumibacter_marinus,salinispora_tropica
culturomica_massiliensis,peptoclostridium_acidaminophilum
cupriavidus_basilensis,geminocystis_herdmanii
cupriavidus_gilardii,luteipulveratus_mongoliensis
cupriavidus_metallidurans,fulvimarina_manganoxydans
curtobacterium_ammoniigenes,leptospira_kmetyi
curtobacterium_pusillum,exiguobacterium_sibiricum
cyanobacterium_endosymbiont,nocardia_niwae
cyclobacterium_halophilum,mariniphaga_anaerophila
cyclobacterium_lianum,mycoplasma_putrefaciens
cyclobacterium_marinum,lentisphaera_araneosa
cyclobacterium_qasimii,novosphingobium_malaysiense
cystobacter_fuscus,lactobacillus_herbarum
cytophaga_hutchinsonii,oceanobacillus_iheyensis
dactylococcopsis_salina,frankia_casuarinae
dechloromonas_aromatica,rhodovibrio_salinarum
deferribacter_desulfuricans,filimonas_lacunae
defluviitalea_phaphyphila,desulfotomaculum_arcticum
dehalogenimonas_formicexedens,rhizobium_favelukesii
deinococcus_apachensis,thermogemmatispora_carboxidivorans
deinococcus_deserti,planomicrobium_flavidum
deinococcus_gobiensis,pseudomonas_litoralis
deinococcus_hopiensis,ilumatobacter_coccineus
deinococcus_maricopensis,mycobacterium_insubricum
deinococcus_peraridilitoris,stigmatella_aurantiaca
deinococcus_pimensis,nitriliruptor_alkaliphilus
deinococcus_proteolyticus,pararhodospirillum_photometricum
deinococcus_puniceus,ponticaulis_koreensis
deinococcus_puniceus,streptomyces_rubidus
deinococcus_radiodurans,listeria_weihenstephanensis
deinococcus_reticulitermitis,micromonospora_coxensis
deinococcus_swuensis,lewinella_agarilytica
deinococcus_wulumuqiensis,zhouia_amylolytica
demequina_lutea,rhodoblastus_acidophilus
denitrobacterium_detoxificans,desulfotomaculum_ruminis
denitrovibrio_acetiphilus,lysinimicrobium_flavum
dermabacter_vaginalis,streptomyces_lincolnensis
desulfamplus_magnetovallimortis,hydrobacter_penzbergensis
desulfamplus_magnetovallimortis,rubritalea_marina
desulfatitalea_tepidiphila,desulfovibrio_africanus
desulfitobacterium_dehalogenans,paenibacillus_taiwanensis
desulfitobacterium_dichloroeliminans,wolbachia_endosymbiont
desulfitobacterium_metallireducens,lachnospiraceae_bacterium
desulfobacca_acetoxidans,syntrophomonas_palmitatica
desulfobacterium_autotrophicum,thermovenabulum_gondwanense
desulfobacter_postgatei,marivita_geojedonensis
desulfobacula_toluolica,wolinella_succinogenes
desulfocapsa_sulfexigens,herbaspirillum_seropedicae
desulfocarbo_indianensis,rhodospirillum_rubrum
desulfococcus_multivorans,lachnospiraceae_bacterium
desulfococcus_multivorans,ruminococcaceae_bacterium
desulfocurvus_vexinensis,lihuaxuella_thermophila
desulfohalobium_retbaense,desulfovibrio_gigas
desulfohalobium_retbaense,novibacillus_thermophilus
desulfomicrobium_baculatum,rhodoferax_ferrireducens
desulfomicrobium_orale,desulfovirgula_thermocuniculi
desulfomonile_tiedjei,echinicola_pacifica
desulfomonile_tiedjei,halomonas_korlensis
desulfomonile_tiedjei,syntrophus_aciditrophicus
desulfonatronospira_thiodismutans,rudaea_cellulosilytica
desulfonatronovibrio_magnus,rhodobacter_aestuarii
desulfonatronum_thioautotrophicum,paenibacillus_tianmuensis
desulfonatronum_thiosulfatophilum,ruegeria_pomeroyi
desulfosporosinus_acididurans,salinicoccus_albus
desulfosporosinus_acididurans,thermoanaerobacterium_xylanolyticum
desulfosporosinus_lacus,paenibacillus_yonginensis
desulfosporosinus_meridiei,phycisphaera_mikurensis
desulfosporosinus_orientis,proteiniborus_ethanoligenes
desulfotalea_psychrophila,pseudodesulfovibrio_piezophilus
desulfotomaculum_acetoxidans,desulfotomaculum_gibsoniae
desulfotomaculum_acetoxidans,desulfotomaculum_nigrificans
desulfotomaculum_copahuensis,oscillatoriales_cyanobacterium
desulfotomaculum_copahuensis,paenibacillus_algorifonticola
desulfotomaculum_ferrireducens,flexibacter_flexilis
desulfotomaculum_ferrireducens,lactobacillus_agilis
desulfotomaculum_hydrothermale,stenotrophomonas_panacihumi
desulfotomaculum_intricatum,mycobacterium_litorale
desulfotomaculum_thermosubterraneum,microbulbifer_agarilyticus
desulfovermiculus_halophilus,immundisolibacter_cernigliae
desulfovermiculus_halophilus,robiginitomaculum_antarcticum
desulfovibrio_alaskensis,pseudogulbenkiania_subflava
desulfovibrio_bizertensis,phaeospirillum_molischianum
desulfovibrio_bizertensis,roseomonas_stagni
desulfovibrio_bizertensis,thermomonospora_curvata
desulfovibrio_desulfuricans,methylobacterium_nodulans
desulfovibrio_fructosivorans,microbacterium_yannicii
desulfovibrio_fructosivorans,patulibacter_medicamentivorans
desulfovibrio_hydrothermalis,nodosilinea_nodulosa
desulfovibrio_legallii,enterorhabdus_mucosicola
desulfovibrio_legallii,hymenobacter_sedentarius
desulfovibrio_legallii,moorella_thermoacetica
desulfovibrio_legallii,paenibacillus_pinihumi
desulfovibrio_legallii,ruminococcaceae_bacterium
desulfovibrio_longus,novosphingobium_barchaimii
desulfovibrio_magneticus,pontibacter_akesuensis
desulfovibrio_salexigens,parvularcula_oceani
desulfovibrio_vulgaris,stenotrophomonas_ginsengisoli
desulfovirgula_thermocuniculi,geoalkalibacter_subterraneus
desulfovirgula_thermocuniculi,tessaracoccus_oleiagri
desulfovirgula_thermocuniculi,tetragenococcus_halophilus
desulfurella_amilsii,longilinea_arvoryzae
desulfuribacillus_alkaliarsenatis,thermovenabulum_gondwanense
desulfuribacillus_stibiiarsenatis,magnetospirillum_caucaseum
desulfurivibrio_alkaliphilus,skermanella_stibiiresistens
desulfurobacterium_indicum,leptospirillum_ferriphilum
desulfurobacterium_indicum,phaeobacter_porticola
desulfurobacterium_thermolithotrophum,mycoplasma_conjunctivae
desulfurobacterium_thermolithotrophum,sulfitobacter_marinus
desulfuromonas_soudanensis,gottschalkia_acidurici
dethiosulfovibrio_peptidovorans,sphingomonas_indica
dethiosulfovibrio_salsuginis,thermanaerovibrio_velox
devosia_chinhatensis,mesoplasma_florum
devosia_enhydra,marinithermus_hydrothermalis
devosia_epidermidihirudinis,wenxinia_saemankumensis
devosia_geojensis,thioalkalivibrio_sulfidiphilus
devosia_psychrophila,microbacterium_luticocti
devosia_psychrophila,pirellula_staleyi
devosia_psychrophila,sinomonas_mesophila
devosia_psychrophila,streptomyces_gilvigriseus
dialister_micraerophilus,prevotella_enoeca
dialister_succinatiphilus,dubosiella_newyorkensis
dialister_succinatiphilus,faecalicoccus_pleomorphus
dichelobacter_nodosus,rhizobium_rhizosphaerae
dickeya_solani,serratia_rubidaea
dictyoglomus_thermophilum,parafilimonas_terrae
dictyoglomus_turgidum,loktanella_cinnabarina
dietzia_alimentaria,lysinimicrobium_pelophilum
dietzia_timorensis,paenibacillus_barengoltzii
dinoroseobacter_shibae,sphingomonas_dokdonensis
dissulfuribacter_thermophilus,methyloceanibacter_caenitepidi
dissulfuribacter_thermophilus,spiroplasma_helicoides
dokdonella_koreensis,pontibacter_actiniarum
dokdonia_pacifica,octadecabacter_temperatus
domibacillus_indicus,lachnospiraceae_bacterium
draconibacterium_orientale,sphingobacterium_paucimobilis
draconibacterium_orientale,vibrio_scophthalmi
dyadobacter_alkalitolerans,geoalkalibacter_ferrihydriticus
dyadobacter_fermentans,rufibacter_ruber
dyadobacter_koreensis,endomicrobium_proavitum
dyadobacter_tibetensis,planctopirus_limnophila
dyadobacter_tibetensis,rufibacter_roseus
dyella_japonica,kineococcus_radiotolerans
dyella_thiooxydans,massilia_yuzhufengensis
dysgonomonas_macrotermitis,patulibacter_americanus
dysgonomonas_macrotermitis,salinimicrobium_xinjiangense
echinicola_vietnamensis,methylobrevis_pamukkalensis
ectothiorhodospira_magna,sedimentitalea_nanhaiensis
edaphobacillus_lindanitolerans,polymorphum_gilvum
edaphobacillus_lindanitolerans,rhodospirillum_centenum
edwardsiella_anguillarum,enterobacter_cloacae
eggerthella_lenta,lachnospiraceae_bacterium
eggerthella_lenta,mageeibacillus_indolicus
eisenibacter_elegans,nafulsella_turpanensis
eisenibacter_elegans,niabella_drilacis
eisenibacter_elegans,parapedobacter_indicus
eisenibacter_elegans,photobacterium_swingsii
eisenibacter_elegans,starkeya_novella
ekhidna_lutea,virgibacillus_halodenitrificans
elioraea_tepidiphila,roseomonas_cervicalis
elizabethkingia_anophelis,niastella_koreensis
endomicrobium_proavitum,salisediminibacterium_haloalkalitolerans
trimyema_compressum,labilibacter_marinus
ensifer_sojae,propionibacterium_acidifaciens
enterobacter_cloacae,fabibacter_misakiensis
enterobacter_cloacae,methyloligella_halotolerans
enterobacter_cloacae,piscirickettsia_litoralis
enterobacter_cloacae,enterococcus_massiliensis
enterobacter_cloacae,enterobacter_cloacae
enterobacter_cloacae,vibrio_cholerae
enterobacter_cloacae,parasaccharibacter_apium
enterobacter_cloacae,youngiibacter_fragilis
enterobacter_cloacae,petrimonas_mucosa
enterobacter_cloacae,geofilum_rubicundum
enterobacter_cloacae,pontibacter_roseus
enterobacter_cloacae,pseudarcicella_hirudinis
enterobacter_cloacae,plesiocystis_pacifica
enterobacter_cloacae,enterobacter_kobei
enterobacter_cloacae,enterobacter_cloacae
enterobacter_cloacae,enterococcus_thailandicus
enterobacter_cloacae,franconibacter_pulveris
enterobacter_cloacae,vibrio_proteolyticus
enterobacter_cloacae,wolbachia_endosymbiont
enterobacter_cloacae,pedobacter_luteus
enterobacter_cloacae,enterobacter_cloacae
enterobacter_cloacae,enterobacter_cloacae
enterobacter_cloacae,geobacter_metallireducens
enterobacter_cloacae,mycobacterium_aurum
enterobacter_cloacae,idiomarina_woesei
enterobacter_cloacae,helicobacter_fennelliae
enterobacter_cloacae,enterovibrio_pacificus
enterobacter_cloacae,komagataeibacter_xylinus
enterobacter_cloacae,legionella_longbeachae
enterobacter_cloacae,plesiomonas_shigelloides
enterobacter_cloacae,flavobacterium_gilvum
enterobacter_cloacae,novosphingobium_acidiphilum
enterococcus_aquimarinus,kurthia_massiliensis
enterococcus_aquimarinus,tolumonas_auensis
enterovibrio_nigricans,photobacterium_aquae
erwinia_oleae,nocardia_brasiliensis
erysipelothrix_larvae,peptoniphilus_lacrimalis
erythrobacter_atlanticus,thermosediminibacter_oceani
erythrobacter_longus,marinovum_algicola
erythrobacter_luteus,fibrella_aestuarina
erythrobacter_marinus,marine_actinobacterium
erythrobacter_nanhaisediminis,paracoccus_sphaerophysae
ethanoligenens_harbinense,ruminococcaceae_bacterium
fabibacter_pacificus,haliscomenobacter_hydrossis
fenollaria_massiliensis,flavobacterium_daejeonense
ferrimonas_senticii,rheinheimera_nanhaiensis
fervidicola_ferrireducens,pediococcus_acidilactici
fervidobacterium_pennivorans,halobacillus_massiliensis
fibrella_aestuarina,mariniradius_saccharolyticus
fibrobacter_succinogenes,streptomyces_jeddahensis
fictibacillus_enclensis,hydrocarboniphaga_daqingensis
fictibacillus_enclensis,virgibacillus_necropolis
filamentous_cyanobacterium,micromonospora_avicenniae
filimonas_lacunae,mucilaginibacter_pineti
fimbriiglobus_ruber,nisaea_denitrificans
fimbriimonas_ginsengisoli,uliginosibacterium_gangwonense
flagellimonas_eckloniae,hyunsoonleella_jejuensis
flaviflexus_massiliensis,rubidibacter_lacunae
flavihumibacter_petaseus,rhodohalobacter_halophilus
flavihumibacter_petaseus,saccharicrinis_fermentans
flavihumibacter_solisilvae,glaciecola_nitratireducens
flaviramulus_basaltis,fluoribacter_dumoffii
flavisolibacter_ginsengisoli,flavobacterium_sasangense
flavobacterium_beibuense,flectobacillus_major
flavobacterium_branchiophilum,providencia_alcalifaciens
flavobacterium_cauense,lactobacillus_wasatchensis
flavobacterium_columnare,spirosoma_aerolatum
flavobacterium_daejeonense,runella_limosa
flavobacterium_filum,lactobacillus_acidipiscis
flavobacterium_fontis,gramella_forsetii
flavobacterium_hydatis,mangrovimonas_yunxiaonensis
flavobacterium_indicum,kribbella_catacumbae
flavobacterium_marinum,pseudopedobacter_saltans
flavobacterium_noncentrifugens,grimontia_hollisae
flavobacterium_sinopsychrotolerans,ornithobacterium_rhinotracheale
flavobacterium_subsaxonicum,treponema_bryantii
flavobacterium_suncheonense,sodalis_praecaptivus
flavobacterium_ummariense,gramella_portivictoriae
flavobacterium_xueshanense,maribacter_forsetii
flexilinea_flocculi,nonomuraea_candida
flexistipes_sinusarabici,roseivivax_lentus
flexistipes_sinusarabici,thermodesulfatator_indicus
fluoribacter_dumoffii,streptococcus_varani
fodinicurvata_sediminis,mariprofundus_ferrooxydans
fontibacillus_panacisegetis,pseudomonas_sabulinigri
fortiea_contorta,halodesulfovibrio_marinisediminis
francisella_halioticida,moheibacter_sediminis
frankia_casuarinae,marivirga_tractuosa
frankia_discariae,gluconacetobacter_diazotrophicus
frankia_inefficax,lentzea_guizhouensis
frankia_symbiont,sinorhizobium_medicae
frateuria_terrea,sphingopyxis_granuli
friedmanniella_luteola,tranquillimonas_alkanivorans
friedmanniella_sagamiharensis,streptomyces_oceani
frischella_perrara,legionella_pneumophila
fuerstia_marisgermanicae,lactobacillus_paucivorans
fulvivirga_imtechensis,silvibacterium_bohemicum
galbibacter_marinus,owenweeksia_hongkongensis
gallaecimonas_xiamenensis,vibrio_campbellii
gallionella_capsiferriformans,sphingopyxis_flava
gayadomonas_joobiniege,oblitimonas_alkaliphila
gemella_asaccharolytica,spirochaeta_cellobiosiphila
geminicoccus_roseus,myxococcus_fulvus
geminocystis_herdmanii,listeria_floridensis
gemmata_obscuriglobus,leptospira_interrogans
gemmatimonas_aurantiaca,paenibacillus_darwinianus
gemmatimonas_phototrophica,micromonospora_auratinigra
gemmatimonas_phototrophica,tessaracoccus_flavus
gemmatimonas_phototrophica,williamsia_sterculiae
gemmobacter_aquatilis,tropicimonas_isoalkanivorans
gemmobacter_megaterium,loktanella_vestfoldensis
geoalkalibacter_ferrihydriticus,geobacter_pickeringii
geoalkalibacter_ferrihydriticus,treponema_vincentii
geobacter_sulfurreducens,oceanithermus_profundus
geobacter_uraniireducens,prochlorococcus_marinus
geodermatophilus_amargosae,spiribacter_curvatus
geodermatophilus_obscurus,lysinimicrobium_mangrovi
geodermatophilus_obscurus,phycicoccus_cremeus
geodermatophilus_obscurus,streptomyces_guanduensis
geodermatophilus_obscurus,streptomyces_scabiei
geodermatophilus_obscurus,zavarzinella_formosa
geodermatophilus_pulveris,mycobacterium_smegmatis
geodermatophilus_ruber,pseudooceanicola_nanhaiensis
geodermatophilus_saharensis,lactobacillus_hominis
geodermatophilus_siccatus,mycoplasma_canadense
geodermatophilus_taihuensis,siccibacter_turicensis
gloeomargarita_lithophora,rhodococcus_kunmingensis
glycomyces_sambucus,meiothermus_ruber
gordonia_bronchialis,nocardioides_psychrotolerans
gordonia_kroppenstedtii,solirubrum_puertoriconensis
gordonia_malaquae,sulfitobacter_noctilucae
gordonia_neofelifaecis,idiomarina_indica
gordonia_shandongensis,propionibacterium_acidifaciens
gorillibacterium_massiliense,lachnospiraceae_bacterium
gorillibacterium_massiliense,mailhella_massiliensis
gorillibacterium_massiliense,paenibacillus_borealis
gracilibacillus_boraciitolerans,orrella_dioscoreae
gracilibacillus_kekensis,labrenzia_aggregata
gracilibacillus_orientalis,jeotgalicoccus_halophilus
gracilibacillus_orientalis,lactobacillus_farciminis
gracilibacillus_timonensis,lactobacillus_ghanensis
gramella_flava,spirosoma_aerolatum
granulibacter_bethesdensis,lactobacillus_nasuensis
granulicella_mallensis,pedosphaera_parvula
granulicella_pectinivorans,ketogulonicigenium_vulgare
granulicella_pectinivorans,propionibacterium_freudenreichii
grimontia_hollisae,pseudomonas_fulva
haematomicrobium_sanguinis,pseudooceanicola_nanhaiensis
haemophilus_paracuniculus,shewanella_amazonensis
haemophilus_paracuniculus,streptococcus_gallolyticus
halalkalibacillus_halophilus,vibrio_toranzoniae
halanaerobium_hydrogeniformans,oceanobacillus_rekensis
halarsenatibacter_silvermanii,reyranella_massiliensis
haliscomenobacter_hydrossis,nakamurella_panacisegetis
halobacteroides_halobius,halotalea_alkalilenta
halocynthiibacter_namhaensis,rhizobium_oryzae
haloglycomyces_albus,schleiferia_thermophila
halolactibacillus_alkaliphilus,sphingopyxis_indica
halomonas_aestuarii,novispirillum_itersonii
halomonas_chromatireducens,microbulbifer_yueqingensis
halomonas_daqiaonensis,lactobacillus_crustorum
halomonas_ilicicola,methylocystis_bryophila
halomonas_smyrnensis,pontibacter_korlensis
halomonas_subglaciescola,rhodomicrobium_vannielii
halomonas_zincidurans,oceanicoccus_sagamiensis
haloplasma_contractile,thermithiobacillus_tepidarius
halorhodospira_halophila,herminiimonas_arsenicoxydans
halothermothrix_orenii,herbaspirillum_seropedicae
halothiobacillus_neapolitanus,streptomyces_oceani
helicobacter_bilis,spiroplasma_turonicum
helicobacter_felis,nitrospira_japonica
helicobacter_jaachi,pedobacter_oryzae
helicobacter_macacae,nitrosospira_multiformis
helicobacter_muridarum,mycobacterium_shinjukuense
helicobacter_muridarum,nonlabens_sediminis
heliobacterium_modesticaldum,peptoniphilus_urinimassiliensis
heliobacterium_modesticaldum,proteiniclasticum_ruminis
heliobacterium_modesticaldum,tistlia_consotensis
henriciella_litoralis,marinobacter_persicus
herbaspirillum_hiltneri,spirochaeta_cellobiosiphila
herbaspirillum_rhizosphaerae,microlunatus_phosphovorus
herbaspirillum_seropedicae,herbidospora_sakaeratensis
herbiconiux_ginsengi,mastigocoleus_testarum
herbidospora_mongoliensis,methylocapsa_palsarum
hippea_alviniae,tenacibaculum_holothuriorum
hippea_maritima,roseibacterium_elongatum
hirschia_maritima,microbacterium_sediminis
hoyosella_subflava,sedimenticola_thiotaurini
hugenholtzia_roseola,ruminococcaceae_bacterium
hyalangium_minutum,sphaerochaeta_coccoides
hydrogenovibrio_crunogenus,rheinheimera_salexigens
hymenobacter_glacialis,planomicrobium_glaciei
hymenobacter_glacialis,thermovibrio_ammonificans
hymenobacter_psychrophilus,rufibacter_ruber
hymenobacter_swuensis,sphingomonas_laterariae
hymenobacter_terrenus,lentibacillus_amyloliquefaciens
hyphomonas_atlantica,paucisalibacillus_globulus
hyphomonas_beringensis,pelobacter_acetylenicus
hyphomonas_jannaschiana,thioclava_dalianensis
hyunsoonleella_jejuensis,lactobacillus_mucosae
ideonella_sakaiensis,luteimonas_abyssi
idiomarina_planktonica,roseivivax_atlanticus
ignavibacterium_album,nitrospira_moscoviensis
ilumatobacter_nonamiensis,paraburkholderia_phymatum
ilyobacter_polytropus,oxalobacter_formigenes
ilyobacter_polytropus,peptoniphilus_timonensis
imtechella_halotolerans,lutibacter_agarilyticus
intrasporangium_oryzae,sphingopyxis_alaskensis
isosphaera_pallida,myroides_phaeus
jannaschia_aquimarina,pacificimonas_flava
jannaschia_faecimaris,kiritimatiella_glycovorans
jannaschia_faecimaris,melioribacter_roseus
jannaschia_faecimaris,pseudodesulfovibrio_aespoeensis
jannaschia_faecimaris,streptomyces_griseochromogenes
jatrophihabitans_endophyticus,lactobacillus_helveticus
jeotgalibacillus_malaysiensis,nodosilinea_nodulosa
jiangella_muralis,streptomyces_pristinaespiralis
joostella_marina,sphingobium_phenoxybenzoativorans
kibdelosporangium_phytohabitans,saccharothrix_espanaensis
kocuria_rhizophila,nigerium_massiliense
komagataeibacter_hansenii,lascolabacillus_massiliensis
kordia_zhangzhouensis,lactobacillus_heilongjiangensis
kordiimonas_lacus,spiroplasma_culicicola
kosmotoga_arenicorallina,marinospirillum_celere
kozakia_baliensis,roseicitreum_antarcticum
kozakia_baliensis,timonella_senegalensis
ktedonobacter_racemifer,rhodobacter_sphaeroides
kurthia_senegalensis,streptobacillus_hongkongensis
kushneria_aurantia,thalassobius_mediterraneus
kushneria_marisflavi,nocardia_terpenica
kushneria_marisflavi,saccharomonospora_glauca
kutzneria_albida,oleispira_antarctica
labilibacter_aurantiacus,parabacteroides_chartae
labilibacter_aurantiacus,porphyromonas_crevioricanis
labrenzia_aggregata,marinilabilia_salmonicolor
labrenzia_alexandrii,pseudomonas_citronellolis
labrenzia_suaedae,rhizobium_selenitireducens
lachnospiraceae_bacterium,lachnospiraceae_bacterium
lachnospiraceae_bacterium,planococcus_maritimus
lachnospiraceae_bacterium,tannerella_forsythia
lachnospiraceae_bacterium,thermoactinomyces_daqus
lachnospiraceae_bacterium,syntrophomonas_zehnderi
lachnospiraceae_bacterium,prevotella_bryantii
lachnospiraceae_bacterium,natronincola_ferrireducens
lachnospiraceae_bacterium,natronincola_peptidivorans
lachnospiraceae_bacterium,lachnospiraceae_bacterium
lachnospiraceae_bacterium,lachnospiraceae_bacterium
lachnospiraceae_bacterium,lachnospiraceae_bacterium
lachnospiraceae_bacterium,levyella_massiliensis
lachnospiraceae_bacterium,mucilaginibacter_mallensis
lachnospiraceae_bacterium,pelosinus_fermentans
lachnospiraceae_bacterium,symbiobacterium_thermophilum
lacinutrix_himadriensis,thermanaeromonas_toyohensis
lacinutrix_mariniflava,thermovirga_lienii
lacinutrix_venerupis,lactobacillus_senioris
lactobacillus_amylovorus,serinicoccus_chungangensis
lactobacillus_apinorum,lactobacillus_capillatus
lactobacillus_apinorum,sediminibacterium_salmoneum
lactobacillus_buchneri,lactobacillus_silagei
lactobacillus_camelliae,runella_slithyformis
lactobacillus_delbrueckii,teredinibacter_turnerae
lactobacillus_equicursoris,rhodopirellula_islandica
lactobacillus_equicursoris,sulfuricella_denitrificans
lactobacillus_floricola,pontibaca_methylaminivorans
lactobacillus_ginsenosidimutans,thermovenabulum_gondwanense
lactobacillus_hokkaidonensis,saprospira_grandis
lactobacillus_hordei,staphylococcus_pettenkoferi
lactobacillus_iners,methylovulum_miyakonense
lactobacillus_koreensis,microvirga_massiliensis
lactobacillus_koreensis,nocardiopsis_sinuspersici
lactobacillus_kullabergensis,mycobacterium_simiae
lactobacillus_kunkeei,pseudomonas_resinovorans
lactobacillus_kunkeei,simiduia_agarivorans
lactobacillus_lindneri,petrimonas_mucosa
lactobacillus_mellifer,legionella_steelei
lactobacillus_nodensis,oceanicola_litoreus
lactobacillus_ozensis,paraglaciecola_arctica
lactobacillus_parabrevis,leptospira_alstonii
lactobacillus_parabuchneri,sporosarcina_koreensis
lactobacillus_secaliphilus,sporosarcina_newyorkensis
lactobacillus_secaliphilus,xanthomonas_oryzae
lactobacillus_shenzhenensis,streptomyces_aidingensis
lactobacillus_similis,porphyrobacter_dokdonensis
lactobacillus_xiangfangensis,sulfurimonas_denitrificans
lactobacillus_zymae,nocardia_jejuensis
lactococcus_piscium,polaromonas_naphthalenivorans
lagierella_massiliensis,sebaldella_termitidis
lascolabacillus_massiliensis,mycoplasma_dispar
legionella_massiliensis,ruegeria_conchae
legionella_norrlandica,wohlfahrtiimonas_larvae
legionella_oakridgensis,muricauda_ruestringensis
leisingera_methylohalidivorans,saccharomonospora_saliphila
lentibacillus_amyloliquefaciens,streptomyces_niveus
lentibacillus_persicus,mobilicoccus_pelagius
lentibacter_algarum,thermanaerovibrio_velox
lentimicrobium_saccharophilum,magnetococcus_marinus
leptolyngbya_valderiana,sinomonas_atrocyanea
leptospirillum_ferrooxidans,lutibacter_maritimus
leptothrix_cholodnii,streptomyces_lydicus
leptotrichia_goodfellowii,mycoplasma_arginini
leucobacter_salsicius,pimelobacter_simplex
limimonas_halophila,pediococcus_argentinicus
limimonas_halophila,pedobacter_heparinus
limnochorda_pilosa,peptoniphilus_duerdenii
litoreibacter_albidus,parapedobacter_koreensis
litoreibacter_arenae,methylobacterium_radiotolerans
litoreibacter_arenae,mycoplasma_mobile
litoreibacter_ascidiaceicola,tessaracoccus_flavescens
litorimicrobium_taeanense,sulfuritalea_hydrogenivorans
loktanella_litorea,nitrosomonas_marina
loktanella_litorea,scytonema_hofmanni
loktanella_pyoseonensis,pseudooceanicola_nitratireducens
loktanella_sediminum,richelia_intracellularis
loktanella_tamlensis,pediococcus_stilesii
loktanella_vestfoldensis,marinobacter_nanhaiticus
loktanella_vestfoldensis,tuberibacillus_calidus
longilinea_arvoryzae,proteiniphilum_saccharofermentans
lunatimonas_lonarensis,niastella_populi
luteibacter_yeojuensis,salinispora_arenicola
luteibacter_yeojuensis,steroidobacter_denitrificans
luteimonas_abyssi,rhizobacter_gummiphilus
luteimonas_huabeiensis,polaromonas_jejuensis
lutibacter_flavus,paraburkholderia_rhizoxinica
lutibacter_maritimus,streptomyces_davawensis
lutibaculum_baratangense,xiangella_phaseoli
lutimaribacter_saemankumensis,wenyingzhuangia_marina
lysinibacillus_sinduriensis,orenia_metallireducens
lysinimicrobium_subtropicum,pseudanabaena_biceps
lysobacter_dokdonensis,xanthomonas_translucens
macrococcus_canis,thermosipho_melanesiensis
magnetospirillum_caucaseum,marininema_mesophilum
magnetospirillum_caucaseum,shimia_marina
magnetospirillum_gryphiswaldense,paraburkholderia_xenovorans
magnetospirillum_marisnigri,pseudoruegeria_aquimaris
magnetospirillum_moscoviense,sphaerochaeta_coccoides
mangrovibacter_phragmitis,mycoplasma_hyopneumoniae
maribacter_thermophilus,roseovarius_albus
maribius_pelagius,microbacteriaceae_bacterium
marichromatium_purpuratum,unicellular_cyanobacterium
mariniblastus_fucicola,sphingobium_cloacae
marininema_halotolerans,parvularcula_bermudensis
marinobacter_antarcticus,pedobacter_rhizosphaerae
marinobacter_daqiaonensis,thermus_aquaticus
marinobacterium_litorale,micromonospora_narathiwatensis
marinobacter_salarius,rhodococcus_kyotonensis
marinobacter_salinus,phaeobacter_gallaeciensis
marinobacter_segnicrescens,roseovarius_nanhaiticus
marinobacter_subterrani,rubrobacter_radiotolerans
marinomonas_fungiae,neptunomonas_phycophila
marinomonas_mediterranea,rickettsia_akari
maritimibacter_alkaliphilus,thermus_amyloliquefaciens
marmoricola_aequoreus,tatumella_saanichensis
marmoricola_scoriae,streptomyces_scopuliridis
martelella_endophytica,trueperella_pyogenes
martelella_mediterranea,mucilaginibacter_lappiensis
martelella_mediterranea,thermocrinis_albus
massilia_namucuonensis,nocardioides_lianchengensis
massilia_niastensis,microbacterium_aurum
massilia_putida,tetrasphaera_jenkinsii
massilibacterium_senegalense,virgibacillus_dakarensis
megasphaera_massiliensis,solitalea_canadensis
megasphaera_paucivorans,oceanobacillus_sojae
meiothermus_rufus,skermanella_stibiiresistens
meiothermus_silvanus,ohtaekwangia_koreensis
melghirimyces_thermohalophilus,pseudaminobacter_manganicus
melioribacter_roseus,planctomicrobium_piriforme
mesoaciditoga_lauensis,treponema_caldarium
mesonia_mobilis,robiginitalea_myxolifaciens
mesorhizobium_australicum,methylophaga_thiooxydans
methylobacillus_rhizosphaerae,neisseria_mucosa
methylobacterium_gossipiicola,nocardia_mikamii
methylobacterium_populi,thermus_caliditerrae
methyloceanibacter_marginalis,streptomyces_clavuligerus
methyloceanibacter_methanicus,roseibaca_calidilacus
methyloceanibacter_superfactus,tenacibaculum_holothuriorum
methylocystis_parvus,sphingomonas_jaspsi
methyloferula_stellata,nioella_sediminis
methylomonas_denitrificans,niabella_ginsenosidivorans
methylomonas_koyamae,methylovulum_psychrotolerans
methylophaga_frappieri,sulfurimonas_hongkongensis
methylophaga_lonarensis,plautia_stali
methylophilus_methylotrophus,myroides_profundi
methylophilus_methylotrophus,pseudacidovorax_intermedius
methylophilus_rhizosphaerae,ornithinibacillus_scapharcae
methylotenera_mobilis,roseateles_depolymerans
methyloversatilis_discipulorum,nocardiopsis_flavescens
methyloversatilis_thermotolerans,rhodobacter_capsulatus
methylovulum_miyakonense,photobacterium_sanctipauli
microbacterium_chocolatum,natribacillus_halophilus
microbacterium_chocolatum,sediminimonas_qiaohouensis
microbacterium_foliorum,thiomicrospira_cyclica
microbacterium_indicum,paracoccus_homiensis
microbulbifer_donghaiensis,mycobacterium_minnesotense
microbulbifer_donghaiensis,thioalkalivibrio_nitratireducens
microbulbifer_marinus,noviherbaspirillum_massiliense
microbulbifer_marinus,woeseia_oceani
micromonospora_cremea,sphingomonas_haloaromaticamans
micromonospora_pattaloongensis,streptomyces_indicus
micromonospora_rhizosphaerae,nocardia_speluncae
micromonospora_rifamycinica,streptomyces_himastatinicus
micromonospora_rifamycinica,verrucosispora_sediminis
micromonospora_siamensis,streptomyces_cattleya
microscilla_marina,pedobacter_nyackensis
microvirga_guangxiensis,paenirhodobacter_enshiensis
microvirga_guangxiensis,roseovarius_indicus
microvirga_lotononidis,streptacidiphilus_rugosus
mobiluncus_curtisii,selenomonas_artemidis
modestobacter_marinus,salinarimonas_rosea
monashia_flava,stackebrandtia_nassauensis
morganella_psychrotolerans,saccharophagus_degradans
mucilaginibacter_pedocola,thermoanaerobaculum_aquaticum
mucinivorans_hirudinis,salinicoccus_carnicancri
muricauda_lutaonensis,paracoccus_saliphilus
mycobacterium_abscessus,thermogemmatispora_onikobensis
mycobacterium_europaeum,thermodesulfatator_atlanticus
mycobacterium_fragae,pedobacter_nyackensis
mycobacterium_gilvum,sphingomonas_hengshuiensis
mycobacterium_haemophilum,thermoanaerobacter_kivui
mycobacterium_iranicum,spirochaeta_lutea
mycobacterium_rhodesiae,sphingobium_czechense
mycobacterium_shinjukuense,streptomyces_avermitilis
mycobacterium_terrae,neokomagataea_thailandica
mycobacterium_vanbaalenii,vibrio_mexicanus
mycoplasma_agalactiae,ruminococcaceae_bacterium
mycoplasma_bovis,spiroplasma_syrphidicola
mycoplasma_californicum,streptosporangium_roseum
mycoplasma_capricolum,terriglobus_saanensis
mycoplasma_cynos,nostoc_piscinale
mycoplasma_hominis,sphingomonas_rubra
mycoplasma_penetrans,thorsellia_anophelis
mycoplasma_pulmonis,nitrosomonas_communis
mycoplasma_synoviae,streptomyces_zinciresistens
mycoplasma_yeatsii,weeksella_virosa
myroides_guanonis,paracoccus_saliphilus
myroides_injenensis,ornithobacterium_rhinotracheale
myxococcus_fulvus,sphaerobacter_thermophilus
nakamurella_lactea,oceanibaculum_pacificum
nakamurella_multipartita,rathayibacter_tritici
natranaerobius_trueperi,pseudoxanthomonas_dokdonensis
neiella_marina,neisseria_zoodegmatis
neiella_marina,orientia_chuto
neisseria_mucosa,porticoccus_hydrocarbonoclasticus
neisseria_mucosa,yersinia_enterocolitica
neomicrococcus_aestuarii,tamlana_agarivorans
neorhizobium_galegae,sporolactobacillus_vineae
neptunomonas_qingdaonensis,xanthomonas_massiliensis
nesterenkonia_massiliensis,salisaeta_longa
niastella_yeongjuensis,salegentibacter_echinorum
nitratifractor_salsuginis,pelobacter_propionicus
nitratifractor_salsuginis,singulisphaera_acidiphila
nitratireductor_basaltis,prevotella_ruminicola
nitratireductor_basaltis,treponema_brennaborense
nitratireductor_basaltis,treponema_succinifaciens
nitratireductor_basaltis,xanthomarina_gelatinilytica
nitritalea_halalkaliphila,sinomicrobium_oceani
nitrosococcus_halophilus,scardovia_inopinata
nitrosococcus_watsonii,tomitella_biformata
nitrosomonas_eutropha,streptomyces_hokutonensis
nitrosovibrio_tenuis,oceanobacillus_jeddahense
nitrospira_defluvii,nocardiopsis_flavescens
nitrospira_japonica,shewanella_benthica
nitrospirillum_amazonense,vibrio_metschnikovii
nocardia_amikacinitolerans,streptomyces_albireticuli
nocardia_arizonensis,nocardiopsis_potens
nocardia_donostiensis,pseudooceanicola_nitratireducens
nocardia_harenae,nocardioides_terrae
nocardia_seriolae,sphingobium_herbicidovorans
nocardia_seriolae,thermosipho_africanus
nocardia_speluncae,pseudoruegeria_lutimaris
nocardioides_insulae,novosphingobium_nitrogenifigens
nocardioides_psychrotolerans,stappia_indica
nocardioides_terrae,vibrio_anguillarum
nonlabens_spongiae,nostocales_cyanobacterium
nonlabens_spongiae,thermodesulfovibrio_yellowstonii
nonomuraea_coxensis,thermus_thermophilus
nonomuraea_jiangxiensis,rhodovulum_sulfidophilum
noviherbaspirillum_autotrophicum,paenibacillus_naphthalenovorans
novosphingobium_fuchskuhlense,rubrivivax_gelatinosus
novosphingobium_lindaniclasticum,streptomyces_lydicus
novosphingobium_pentaromativorans,porphyrobacter_neustonensis
oceanibacterium_hippocampi,roseomonas_cervicalis
oceanobacillus_iheyensis,phaeodactylibacter_xiamenensis
oceanobacillus_iheyensis,rudanella_lutea
oceanobacillus_massiliensis,saccharibacillus_kuerlensis
ochrobactrum_anthropi,staphylococcus_lugdunensis
ochrobactrum_pseudogrignonense,saccharomonospora_azurea
oenococcus_kitaharae,sulfitobacter_pseudonitzschiae
olsenella_umbonata,phoenicibacter_massiliensis
olsenella_umbonata,ruminococcaceae_bacterium
oscillatoria_acuminata,spiroplasma_diminutum
paenibacillus_assamensis,parafilimonas_terrae
paenibacillus_odorifer,tersicoccus_phoenicis
paenibacillus_senegalensis,pelobacter_acetylenicus
paenibacillus_taiwanensis,rhodoferax_antarcticus
paenibacillus_tuaregi,pseudooceanicola_atlanticus
pajaroellobacter_abortibovis,spiroplasma_culicicola
palleronia_marisminoris,salsuginibacillus_kocurii
pandoraea_thiooxydans,ruegeria_marina
pannonibacter_phragmitetus,serinicoccus_profundi
pantoea_alhagi,yersinia_pestis
pantoea_rwandensis,plesiocystis_pacifica
paraburkholderia_acidipaludis,rhizobium_oryzae
paraburkholderia_caballeronis,polynucleobacter_necessarius
paraburkholderia_kururiensis,zunongwangia_mangrovi
paracoccus_aminophilus,pseudomonas_rhizosphaerae
paracoccus_denitrificans,streptomyces_kebangsaanensis
paracoccus_halophilus,ruania_albidiflava
paracoccus_isoporae,polynucleobacter_cosmopolitanus
paracoccus_isoporae,sphingopyxis_macrogoltabida
paracoccus_saliphilus,spirosoma_rigui
paracoccus_tibetensis,tenacibaculum_soleae
paramesorhizobium_deserti,pseudonocardia_acaciae
parapedobacter_composti,zymomonas_mobilis
parapedobacter_luteus,tistrella_mobilis
parascardovia_denticolens,pseudoruegeria_sabulilitoris
parasutterella_excrementihominis,prevotella_loescheii
parvibaculum_lavamentivorans,photobacterium_marinum
pedobacter_arcticus,phycisphaera_mikurensis
pedobacter_glucosidilyticus,varibaculum_timonense
pedobacter_luteus,prevotella_falsenii
pedobacter_luteus,pricia_antarctica
pedobacter_oryzae,psychrobacter_urativorans
pedobacter_psychrophilus,xanthomonas_citri
pedobacter_steynii,rhizobium_miluonense
pedobacter_suwonensis,pseudoruegeria_marinistellae
peptoniphilus_obesi,pontibacillus_litoralis
perlucidibaca_aquatica,photobacterium_profundum
phaeobacter_gallaeciensis,rhodopseudomonas_palustris
phocaeicola_abscessus,propionicicella_superfundia
photobacterium_ganghwense,risungbinella_massiliensis
photobacterium_jeanii,pseudomonas_syringae
piscicoccus_intestinalis,terracidiphilus_gabretensis
planococcus_rifietoensis,ralstonia_pickettii
planomicrobium_flavidum,thiohalorhabdus_denitrificans
polyangium_brachysporum,ralstonia_pickettii
polycyclovorans_algicola,thalassolituus_oleivorans
pontibacillus_yanchengensis,treponema_primitia
porphyromonas_asaccharolytica,porphyromonas_somerae
poseidonocella_pacifica,pseudomonas_yangmingensis
prevotella_amnii,prevotella_timonensis
prevotella_bryantii,sphingobacterium_mizutaii
prochlorothrix_hollandica,sinorhizobium_fredii
providencia_sneebia,rosenbergiella_nectarea
providencia_stuartii,roseovarius_atlanticus
pseudarthrobacter_chlorophenolicus,robiginitalea_biformata
pseudoalteromonas_piscicida,sunxiuqinia_dokdonensis
pseudoalteromonas_rubra,thalassolituus_oleivorans
pseudohaliea_rubra,thiohalomonas_denitrificans
pseudomonas_aestusnigri,sulfuritalea_hydrogenivorans
pseudomonas_alcaligenes,sphingomonas_sanxanigenens
pseudomonas_protegens,streptomyces_albus
pseudomonas_syringae,vibrio_sonorensis
pseudonocardia_acaciae,sanguibacter_keddieii
pseudonocardia_dioxanivorans,streptomyces_uncialis
pseudooceanicola_batsensis,streptomyces_caatingaensis
pseudooceanicola_nanhaiensis,rubripirellula_obstinata
pseudophaeobacter_arcticus,treponema_putidum
pseudophaeobacter_leonis,xenorhabdus_koppenhoeferi
pseudorhodobacter_aquimaris,verminephrobacter_eiseniae
pseudorhodobacter_psychrotolerans,tropicibacter_multivorans
pseudosphingobacterium_domesticum,winogradskyella_jejuensis
psychroflexus_sediminis,spiroplasma_litorale
psychroflexus_torquis,thermodesulfovibrio_thiophilus
puniceibacterium_sediminis,sagittula_stellata
raineyella_antarctica,salinicoccus_halodurans
ralstonia_mannitolilytica,staphylococcus_lugdunensis
rappaport_israeli,thermotoga_profunda
reinekea_blandensis,streptomyces_cattleya
rhizobium_alamii,streptomyces_paucisporeus
rhizobium_miluonense,salimicrobium_flavidum
rhizobium_oryzae,syntrophothermus_lipocalidus
rhodopirellula_sallentina,thermanaerovibrio_velox
richelia_intracellularis,tenacibaculum_holothuriorum
rickettsia_bellii,streptomyces_monomycini
roseivivax_jejudonensis,roseovarius_nanhaiticus
rosenbergiella_nectarea,wigglesworthia_glossinidia
roseomonas_aerilata,stackebrandtia_nassauensis
roseovarius_halotolerans,rufibacter_tibetensis
rubrivivax_gelatinosus,sphingobium_yanoikuyae
rubrobacter_aplysinae,taylorella_equigenitalis
ruegeria_meonggei,sphingobium_baderi
saccharibacillus_kuerlensis,tumebacillus_flagellatus
saccharomonospora_cyanea,saccharopolyspora_erythraea
salegentibacter_echinorum,sphingobacterium_wenxiniae
salipaludibacillus_aurantiacus,thermotalea_metallivorans
segetibacter_koreensis,sporosarcina_koreensis
segniliparus_rotundus,tanticharoenia_sakaeratensis
shewanella_denitrificans,vibrio_litoralis
shewanella_frigidimarina,simonsiella_muelleri
shewanella_japonica,terrimicrobium_sacchariphilum
shewanella_violacea,thalassotalea_crassostreae
sinorhizobium_meliloti,terrimicrobium_sacchariphilum
sinosporangium_album,spirosoma_endophyticum
skermanella_stibiiresistens,thauera_chlorobenzoica
solemya_elarraichensis,thermodesulfobium_narugense
solibacillus_silvestris,yuhushiella_deserti
sphingobacterium_deserti,terracidiphilus_gabretensis
sphingobacterium_spiritivorum,sporosarcina_ureae
sphingobium_faniae,thermoflexibacter_ruber
sphingomonas_azotifigens,waddlia_chondrophila
sphingomonas_panacis,thalassobaculum_salexigens
spiroplasma_kunkelii,weissella_oryzae
sporosarcina_koreensis,terribacillus_aidingensis
stanieria_cyanosphaera,staphylococcus_lugdunensis
staphylococcus_capitis,staphylococcus_lugdunensis
staphylococcus_haemolyticus,staphylococcus_hominis
staphylococcus_massiliensis,streptomyces_katrae
streptomyces_nanshensis,thiobacimonas_profunda
sunxiuqinia_elliptica,virgibacillus_siamensis
taylorella_equigenitalis,thermosulfurimonas_dismutans
thermanaerothrix_daxensis,thermomicrobium_roseum
thermoanaerobacter_italicus,verrucomicrobium_spinosum
thermovenabulum_gondwanense,treponema_phagedenis
thiolapillus_brandeum,vibrio_campbellii
thioploca_ingrica,vibrio_genomosp
vibrio_cholerae,xenorhabdus_nematophila
wigglesworthia_glossinidia,xenorhabdus_hominickii
